,Papel,Cotacao,P/L,P/VP,PSR,DY,P/Ativo,P/Cap.Giro,P/EBIT,P/ACL,EV/EBIT,EV/EBITDA,Mrg.Ebit,Mrg.Liq.,Liq.Corr.,ROIC,ROE,Liq.2meses
0,LIPR3,77.35,-381.56,5.16,0.0,0.0278,3.915,0.0,-103.98,0.0,-94.02,-94.18,0.0,0.0,0.0,0.0,-0.0135,4376.12
1,SQIA3,17.2,-265.0,2.81,6.928,0.0005,1.9569999999999999,3.55,-1389.97,5.93,-1068.34,64.32,-0.005,-0.0261,7.63,-0.0034,-0.0106,20658200.0
2,ANIM3,19.0,-218.97,3.04,1.778,0.0003,0.875,18.11,17.8,-1.68,26.8,13.12,0.0999,-0.0081,1.34,0.054000000000000006,-0.0139,25296400.0
3,MAPT4,36.49,-205.73,-6.01,0.0,0.0,43.382,0.0,-237.83,0.0,-237.83,-237.83,0.0,0.0,0.0,0.0,0.0292,2181.88
4,LPSB3,3.62,-124.74,2.99,3.6210000000000004,0.0,1.318,4.29,26.63,-15.22,19.34,9.46,0.136,-0.0188,2.83,0.0825,-0.024,5414360.0
5,BTOW3,57.73,-94.92,5.27,4.463,0.0,1.881,6.56,196.19,-33.92,195.86,44.57,0.0227,-0.047,1.95,0.0226,-0.0555,233669000.0
6,NORD3,4.0,-80.25,-0.19,19.502,0.0,1.579,-0.55,-30.44,-0.17,-73.24,-73.24,-0.6406,-0.243,0.02,-0.0529,0.0024,16707.6
7,PRNR3,8.85,-55.12,4.53,0.966,0.0021,1.406,10.3,48.36,-9.08,54.32,14.18,0.02,-0.031,1.34,0.0376,-0.0822,5781270.0
8,GOLL4,11.63,-35.26,-0.54,0.298,0.0,0.27,-0.76,2.28,-0.24,5.48,2.81,0.1308,0.0129,0.48,0.1589,0.0153,176687000.0
9,VALE3,43.28,-34.28,1.42,1.5390000000000001,0.0327,0.619,17.74,3.64,-1.59,4.12,3.34,0.423,-0.0585,1.23,0.1944,-0.0413,1661740000.0
10,MEAL3,2.64,-32.65,0.45,0.32299999999999995,0.0038,0.193,8.44,19.56,-0.53,28.21,6.91,0.0165,-0.0099,1.12,0.0122,-0.0138,12844400.0
11,GFSA3,3.7,-32.31,0.5,1.109,0.0,0.174,0.81,9.11,3.1,15.59,12.08,0.1218,-0.0352,1.44,0.0239,-0.0154,27311000.0
12,ECOR3,10.7,-32.23,13.13,1.5119999999999998,0.0,0.518,-3.56,4.97,-0.68,10.51,7.14,0.3043,-0.0469,0.58,0.1276,-0.4073,53816500.0
13,MILS3,4.71,-26.37,1.07,2.699,0.0,0.862,9.0,-37.66,31.65,-38.46,9.27,-0.0717,-0.1024,1.76,-0.0257,-0.0406,11777500.0
14,BRAP4,28.61,-24.7,1.04,0.0,0.0487,0.985,0.0,-580.63,0.0,-581.91,-581.91,0.0,0.0,0.0,0.0,-0.0422,76938600.0
15,RCSL4,1.08,-23.68,-1.22,4.388,0.0,2.109,-6.58,174.23,-0.91,174.02,104.99,0.0252,-0.1856,0.56,0.0124,0.0516,2230030.0
16,BRAP3,26.33,-22.73,0.96,0.0,0.0481,0.907,0.0,-534.36,0.0,-535.63,-535.63,0.0,0.0,0.0,0.0,-0.0422,1147490.0
17,IDVL4,2.62,-19.88,0.59,0.0,0.0,0.0,0.0,0.0,0.0,0.0,0.0,0.0,0.0,0.0,0.0,-0.0298,37736.0
18,SUZB3,35.4,-17.1,2.68,1.8519999999999999,0.0126,0.49200000000000005,6.51,22.0,-0.79,46.77,15.45,0.0842,-0.1082,1.65,0.0254,-0.1568,345985000.0
19,BAHI3,70.0,-16.93,1.28,2.928,0.0,0.813,8.15,-14.73,-11.69,-11.27,-12.66,-0.1988,-0.1778,1.57,-0.0741,-0.0754,58140.8
20,PMAM3,9.45,-16.36,0.66,0.078,0.0,0.106,1.83,-5.93,-0.25,-36.02,29.96,-0.0132,-0.0048,1.17,-0.0213,-0.0404,3407360.0
21,MGEL4,5.3,-14.1,-0.08,0.055,0.0,0.084,0.22,0.52,-0.06,11.03,8.39,0.105,-0.0116,3.05,0.1974,0.0059,162339.0
22,IDVL3,1.8,-13.66,0.41,0.0,0.0,0.0,0.0,0.0,0.0,0.0,0.0,0.0,0.0,0.0,0.0,-0.0298,92643.3
23,TELB3,62.0,-12.95,1.87,15.057,0.0,0.716,3.25,-10.06,-2.09,-8.17,-21.82,-1.4969,-1.1629,5.04,-0.09,-0.1442,18210.7
24,AMAR3,5.22,-12.16,0.96,0.474,0.0,0.34,1.65,3.47,-6.08,5.48,2.99,0.1366,-0.039,1.54,0.1427,-0.0791,43791900.0
25,RANI4,5.7,-11.94,2.82,1.057,0.004,0.602,12.95,7.71,-1.29,13.62,6.84,0.1371,-0.0886,1.17,0.0893,-0.2365,289420.0
26,HBOR3,1.67,-10.73,0.89,0.866,0.0,0.24100000000000002,0.5,-23.51,2.4,-42.88,-53.03,-0.0368,-0.0807,2.75,-0.0119,-0.0833,29035800.0
27,BIOM3,9.71,-10.57,3.84,65.964,0.0,1.518,6.76,-13.26,-6.77,-14.4,-14.4,-4.9753,-6.2402,2.44,-0.1818,-0.3635,363567.0
28,PLAS3,5.0,-9.1,-0.86,0.152,0.0,0.098,-0.35,-1.21,-0.11,-4.68,26.32,-0.1261,-0.0167,0.44,-0.0869,0.0945,21192.9
29,BOBR4,1.38,-8.88,-1.26,0.33899999999999997,0.0,0.547,-1.8,3.61,-0.53,6.64,5.34,0.0939,-0.0382,0.57,0.1888,0.142,795820.0
30,MSPA3,45.0,-7.88,0.33,2.3680000000000003,0.0089,0.201,4.18,-8.92,-0.66,-9.17,-16.31,-0.2654,-0.3006,2.65,-0.0234,-0.0414,1071.43
31,CRDE3,28.98,-7.51,0.45,2.079,0.3561,0.405,1.09,-9.22,1.25,-1.18,-1.18,-0.2254,-0.2936,9.43,-0.0695,-0.0592,23317.8
32,TCNO3,1.37,-7.25,6.06,8.962,0.0,0.039,0.0,-1.32,0.0,-6.16,-7.17,-6.7698,-1.2362,0.0,0.0,-0.8357,34589.6
33,ETER3,2.65,-6.66,-29.84,0.172,0.0,0.154,21.15,-1.64,-0.27,-3.67,-5.75,-0.105,-0.0258,1.02,-0.1077,4.4816,2034700.0
34,RANI3,3.0,-6.28,1.49,0.556,0.0076,0.317,6.82,4.06,-0.68,9.97,5.01,0.1371,-0.0886,1.17,0.0893,-0.2365,744978.0
35,CTKA3,12.0,-5.99,-0.27,0.221,0.0,0.196,0.67,2.66,-0.18,20.79,14.85,0.0829,-0.0369,1.95,0.0841,0.0456,3659.55
36,MNDL3,24.8,-5.94,-0.42,0.127,0.0,0.059000000000000004,-0.1,1.69,-0.07,7.14,5.22,0.0751,-0.0213,0.29,0.037000000000000005,0.0713,11658.4
37,MDNE3,6.43,-5.67,6.7,1.339,0.0,0.243,-12.57,6.43,-0.56,19.51,18.86,0.2084,-0.2431,0.96,0.0389,-1.1829,18171800.0
38,EMBR3,9.63,-5.42,0.5,0.6809999999999999,0.0,0.16699999999999998,0.81,23.34,1.1,7.85,2.13,0.0292,-0.1236,1.34,0.0085,-0.0929,77099300.0
39,BRKM6,19.0,-5.41,3.1,0.289,0.0319,0.222,2.11,6.34,-0.37,15.03,5.96,0.0457,-0.0554,1.44,0.0473,-0.5727,2614.0
40,TCNO4,0.99,-5.24,4.38,6.476,0.0,0.027999999999999997,0.0,-0.96,0.0,-5.79,-6.75,-6.7698,-1.2362,0.0,0.0,-0.8357,73210.6
41,CEDO3,9.0,-5.13,0.52,0.133,0.0,0.12300000000000001,-8.64,978.26,-0.4,3339.95,15.04,0.0001,-0.0205,0.97,0.0001,-0.1017,1198.71
42,BRKM3,17.48,-4.98,2.85,0.266,0.048,0.205,1.94,5.83,-0.34,14.52,5.76,0.0457,-0.0554,1.44,0.0473,-0.5727,451126.0
43,CTKA4,9.7,-4.84,-0.22,0.17800000000000002,0.0,0.158,0.54,2.15,-0.14,20.28,14.49,0.0829,-0.0369,1.95,0.0841,0.0456,16588.3
44,VVAR3,5.15,-4.67,11.58,0.261,0.0,0.27399999999999997,-2.04,7.9,-0.59,13.25,6.49,0.0331,-0.0559,0.79,0.0537,-2.4792,681540000.0
45,BRKM5,16.29,-4.64,2.66,0.248,0.0515,0.191,1.81,5.44,-0.32,14.13,5.6,0.0457,-0.0554,1.44,0.0473,-0.5727,91964300.0
46,PINE4,3.34,-4.19,0.59,0.0,0.0,0.0,0.0,0.0,0.0,0.0,0.0,0.0,0.0,0.0,0.0,-0.1405,1369880.0
47,DTCY3,5.79,-4.15,9.68,3.878,0.0,1.5630000000000002,-5.33,-7.32,-2.47,-7.38,-14.78,-0.5295,-0.9342,0.41,-0.262,-2.3306,265.26
48,ADHM3,3.35,-4.07,-1.28,767.7589999999999,0.0,104.694,-1.42,-5.67,-1.27,-5.67,-5.79,-135.485,-188.606,0.0,5.2170000000000005,0.3147,232898.0
49,BSEV3,2.92,-3.84,13.37,0.502,0.0,0.29,15.2,8.21,-0.44,23.74,4.12,0.0612,-0.1309,1.06,0.0381,-3.4853,963464.0
50,TELB4,17.27,-3.61,0.52,4.194,0.0,0.19899999999999998,0.91,-2.8,-0.58,-0.91,-2.44,-1.4969,-1.1629,5.04,-0.09,-0.1442,180540.0
51,AHEB5,19.02,-3.36,5.26,1.246,0.0,0.545,-8.2,-3.36,-0.74,-2.72,-3.78,-0.3708,-0.3706,0.71,-0.1907,-1.5637,580.12
52,SPRI3,7.0,-3.19,0.51,0.0,0.0,0.47700000000000004,0.0,-3.16,0.0,-2.55,-2.57,0.0,0.0,0.0,0.0,-0.1592,2210.45
53,SPRI6,6.32,-2.88,0.46,0.0,0.0,0.431,0.0,-2.85,0.0,-2.25,-2.27,0.0,0.0,0.0,0.0,-0.1592,119.81
54,CEDO4,4.75,-2.71,0.28,0.07,0.0,0.065,-4.56,516.3,-0.21,2877.99,12.96,0.0001,-0.0205,0.97,0.0001,-0.1017,7477.64
55,AZUL4,16.3,-2.32,-1.58,0.48700000000000004,0.0,0.29,-2.05,-4.66,-0.3,-6.18,2.98,-0.1045,-0.21,0.6,-0.0742,0.6829,233812000.0
56,GSHP3,40.48,-2.28,17.86,0.561,0.0,0.046,0.63,1.77,-0.06,24.85,23.46,0.3168,-0.2465,1.54,0.0311,-7.8499,101841.0
57,LLIS3,5.75,-2.05,0.17,0.415,0.0621,0.092,-2.59,-2.01,-0.39,-7.1,-50.15,-0.2067,-0.2023,0.87,-0.0565,-0.0846,1575610.0
58,SHOW3,2.07,-1.97,0.5,0.355,0.0286,0.22399999999999998,1.05,-8.52,15.76,-5.25,99.01,-0.0416,-0.1823,1.6,-0.0442,-0.2551,1149390.0
59,TCSA3,0.68,-1.94,0.53,1.368,0.0,0.29100000000000004,1.32,-9.58,-12.4,-10.02,-11.83,-0.1428,-0.7169,2.08,-0.0378,-0.2742,38736800.0
60,DMMO3,0.89,-1.9,-0.5,0.5489999999999999,0.0,0.179,-1.0,-21.54,-0.15,-80.69,17.1,-0.0255,-0.2888,0.48,-0.0095,0.2622,6273080.0
61,TESA3,9.79,-1.57,0.22,0.221,0.0,0.085,-3.64,-121.57,-0.26,-568.47,19.76,-0.0018,-0.1402,0.93,-0.0008,-0.1429,1705480.0
62,RPMG3,3.11,-1.41,-0.08,0.193,0.0,0.10099999999999999,-0.1,-1.26,-0.07,-1.26,-1.32,-0.1526,-0.1371,0.47,-0.0821,0.0572,94820.6
63,LUPA3,1.23,-1.18,0.31,0.9420000000000001,0.0,0.061,0.27,-0.96,-0.14,-5.42,-8.24,-0.9812,-0.8011,2.69,-0.0658,-0.2629,774440.0
64,CORR4,69.0,-0.92,-0.4,0.8029999999999999,0.0,0.134,0.2,-0.83,-0.21,0.79,0.8,-0.9628,-0.8739,22.21,-0.2169,0.4386,516.67
65,TPIS3,1.0,-0.91,0.25,0.177,0.0,0.047,-0.26,-3.88,-0.06,-44.88,5.65,-0.0458,-0.2182,0.26,-0.0127,-0.2692,1119280.0
66,JBDU3,2.06,-0.88,0.15,0.0,0.0,0.054000000000000006,0.0,-0.95,0.0,-1.37,-1.37,0.0,0.0,0.0,0.0,-0.1732,10879.8
67,JFEN3,3.26,-0.84,1.02,3.472,0.0,0.196,0.71,-2.33,-4.25,-6.42,-6.48,-1.4916,-4.331,1.52,-0.0878,-1.209,569348.0
68,MNPR3,3.85,-0.83,-0.07,0.11599999999999999,0.0,0.13699999999999998,-0.07,0.57,-0.05,0.58,0.51,0.2028,-0.1402,0.13,0.2489,0.084,6366.67
69,HBTS5,9.01,-0.8,0.35,-12.054,0.009000000000000001,0.069,-3.32,-0.8,-0.1,-1.93,-1.96,15.0458,15.0831,0.84,-0.0865,-0.442,3699.74
70,ESTR4,38.98,-0.77,-0.07,0.281,0.0,0.153,-0.07,-4.68,-0.05,-11.84,-26.62,-0.0601,-0.3644,0.16,-0.0369,0.0854,4639.05
71,TECN3,1.17,-0.75,0.27,0.29,0.0,0.136,0.4,-2.69,1.5,-3.89,-2.86,-0.1081,-0.3879,2.41,-0.0643,-0.3561,471670.0
72,BBRK3,1.73,-0.7,0.25,0.461,0.0,0.156,2.03,-4.29,-1.26,-0.46,-3.26,-0.1074,-0.5199,1.49,-0.0426,-0.3578,670176.0
73,OIBR4,0.92,-0.61,0.31,0.272,0.0,0.076,0.89,-3.63,-0.15,-14.21,4.0,-0.0749,-0.4517,1.52,-0.0236,-0.5099,3073830.0
74,JBDU4,1.17,-0.5,0.09,0.0,0.0,0.031,0.0,-0.54,0.0,-0.96,-0.96,0.0,0.0,0.0,0.0,-0.1732,55124.9
75,IGBR3,1.83,-0.35,-0.03,4.336,0.0,0.092,-0.26,-2.11,-0.02,-88.62,-106.61,-2.0585,-12.2224,0.03,-0.0473,0.0714,43590.2
76,OIBR3,0.51,-0.34,0.17,0.151,0.0,0.042,0.49,-2.01,-0.08,-12.59,3.54,-0.0749,-0.4517,1.52,-0.0236,-0.5099,143207000.0
77,HOOT4,1.99,-0.27,-0.1,0.402,0.0,0.077,-0.07,-0.36,-0.04,-0.35,-0.4,-1.1197,-1.5019,0.04,-0.2186,0.3765,16381.7
78,LIQO3,4.3,-0.24,-0.61,0.11699999999999999,0.0,0.078,-0.43,-0.39,-0.08,-1.87,-3.04,-0.303,-0.4896,0.49,-0.2367,2.5517,47945.3
79,RSID3,4.28,-0.24,-0.13,1.208,0.0,0.036000000000000004,-0.08,-0.79,-0.04,-15.8,-17.29,-1.5278,-5.1221,0.49,-0.0507,0.5671,1383850.0
80,VIVR3,1.08,-0.23,-0.37,-0.34600000000000003,0.0,0.098,-0.21,-0.73,-0.11,-3.51,-3.68,0.4726,1.5168,0.45,-0.1392,1.6437,928049.0
81,MWET4,3.1,-0.16,-0.03,0.036000000000000004,0.0,0.037000000000000005,-0.05,-0.47,-0.02,-5.95,-8.92,-0.0756,-0.2184,0.25,-0.0941,0.1877,5580.88
82,AZEV3,3.61,-0.15,-0.09,0.799,0.0,0.355,-0.12,-0.37,-0.08,-0.94,-1.0,-2.1509,-5.3319,0.11,-2.1121,0.5903,17765.2
83,SLED3,1.17,-0.14,-0.26,0.068,0.0,0.053,-1.52,-0.33,-0.06,-3.72,-9.46,-0.2046,-0.475,0.89,-0.1855,1.8419,62498.5
84,INEP3,7.45,-0.14,-0.04,2.25,0.0,0.042,-0.03,-0.2,-0.02,-2.38,-2.53,-11.0721,-13.9961,0.14,-0.2223,0.2518,54570.9
85,INEP4,7.3,-0.14,-0.03,2.205,0.0,0.040999999999999995,-0.03,-0.2,-0.02,-2.38,-2.53,-11.0721,-13.9961,0.14,-0.2223,0.2518,111992.0
86,RNEW3,3.66,-0.13,-0.18,0.6829999999999999,0.0,0.066,-0.07,-0.81,-0.05,-8.72,-9.48,-0.8405,-5.1143,0.01,-0.0945,1.344,15682.1
87,BDLL4,7.01,-0.11,0.89,0.207,0.0,0.013000000000000001,-0.07,-0.22,-0.02,-4.73,-5.66,-0.9361,-1.9335,0.62,-0.0683,-8.3133,16602.9
88,RNEW11,8.4,-0.1,-0.14,0.522,0.0,0.05,-0.05,-0.62,-0.04,-8.53,-9.28,-0.8405,-5.1143,0.01,-0.0945,1.344,45608.2
89,SLED4,0.8,-0.1,-0.18,0.047,0.0,0.037000000000000005,-1.04,-0.23,-0.04,-3.61,-9.2,-0.2046,-0.475,0.89,-0.1855,1.8419,95461.6
90,SNSY5,90.0,-0.1,-0.01,0.038,0.0,0.046,-0.11,-0.2,-0.01,-1.17,-1.46,-0.1908,-0.4057,0.55,-0.2765,0.1467,12341.9
91,RNEW4,2.58,-0.09,-0.13,0.48100000000000004,0.0,0.046,-0.05,-0.57,-0.03,-8.48,-9.22,-0.8405,-5.1143,0.01,-0.0945,1.344,23380.6
92,AZEV4,2.2,-0.09,-0.05,0.48700000000000004,0.0,0.21600000000000003,-0.07,-0.23,-0.05,-0.79,-0.85,-2.1509,-5.3319,0.11,-2.1121,0.5903,82592.3
93,MMXM3,1.57,-0.08,-0.01,8.142000000000001,0.0,0.083,0.0,-0.1,0.0,-1.9,-1.9,-82.2678,-96.4788,0.0,0.0,0.1645,26404.4
94,TEKA3,7.7,-0.03,-0.0,0.026000000000000002,0.0,0.004,-0.0,-0.31,-0.0,-38.43,-66.16,-0.0827,-0.8676,0.03,-0.0199,0.0825,464.36
95,PDGR3,3.3,-0.03,-0.01,0.08900000000000001,0.0,0.013999999999999999,-0.01,-0.26,-0.0,-15.16,-15.71,-0.3447,-3.0306,0.4,-0.0621,0.1851,349082.0
96,TEKA4,6.95,-0.03,-0.0,0.024,0.0,0.004,-0.0,-0.28,-0.0,-38.4,-66.11,-0.0827,-0.8676,0.03,-0.0199,0.0825,98932.9
97,OSXB3,3.41,-0.02,-0.0,0.894,0.0,0.005,-0.02,-0.5,-0.0,-201.14,-614.52,-1.7869,-47.3344,0.03,-0.0121,0.124,18053.8
98,BBSE3,25.78,0.0,0.0,0.0,0.1613,0.0,0.0,0.0,0.0,0.0,0.0,0.0,0.0,0.0,0.0,0.0,193666000.0
99,CSAB3,39.21,0.0,0.0,0.0,0.0791,0.0,0.0,0.0,0.0,0.0,0.0,0.0,0.0,0.0,0.0,0.0,1545.67
100,CSAB4,43.9,0.0,0.0,0.0,0.0777,0.0,0.0,0.0,0.0,0.0,0.0,0.0,0.0,0.0,0.0,0.0,612.86
101,IRBR3,10.1,0.0,0.0,0.0,0.0211,0.0,0.0,0.0,0.0,0.0,0.0,0.0,0.0,0.0,0.0,0.0,523229000.0
102,TAEE11,26.76,0.0,1.84,0.0,0.0707,0.821,0.0,0.0,0.0,0.0,0.0,0.0,0.0,0.0,0.0,0.0,96057900.0
103,TAEE3,9.11,0.0,1.88,0.0,0.0692,0.838,0.0,0.0,0.0,0.0,0.0,0.0,0.0,0.0,0.0,0.0,356748.0
104,TAEE4,8.88,0.0,1.84,0.0,0.071,0.8170000000000001,0.0,0.0,0.0,0.0,0.0,0.0,0.0,0.0,0.0,0.0,668552.0
105,NUTR3,38.0,0.14,0.38,0.077,0.0,0.083,0.45,-3.6,-0.29,-12.0,-19.22,-0.0213,0.5433,1.6,-0.0279,2.6855,2277.14
106,FHER3,2.02,0.17,3.47,0.092,0.0,0.069,0.42,-0.76,-0.14,-1.75,-2.21,-0.1219,0.5529,1.51,-0.1085,20.8132,670553.0
107,HETA4,3.53,0.52,-0.0,1.6380000000000001,0.0,0.182,-0.05,2.44,-0.0,441.65,441.65,0.6724,3.1265,0.01,0.0756,-0.009000000000000001,15394.4
108,MTIG4,50.0,0.88,0.31,0.092,0.0088,0.094,-0.41,185.31,-0.26,1128.71,16.39,0.0005,0.1044,0.6,0.0005,0.3583,1003.48
109,TXRX4,5.2,1.03,-0.08,0.21100000000000002,0.0,0.12,-0.08,2.71,-0.05,27.9,17.41,0.0777,0.2038,0.18,0.0673,-0.0735,46765.5
110,GPIV33,3.65,1.34,0.27,0.47,0.0,0.12,0.6,0.65,1.54,-0.44,-0.44,0.7284,0.6431,4.37,0.2356,0.2033,1507200.0
111,CTNM4,4.6,1.39,0.14,0.11900000000000001,0.0,0.032,0.59,0.39,-0.15,3.95,3.02,0.3069,0.1761,1.18,0.0926,0.0985,540714.0
112,CTNM3,6.7,2.03,0.2,0.17300000000000001,0.0,0.047,0.87,0.57,-0.22,4.13,3.16,0.3069,0.1761,1.18,0.0926,0.0985,4467.31
113,TXRX3,10.21,2.03,-0.15,0.414,0.0,0.23600000000000002,-0.17,5.33,-0.1,30.52,19.04,0.0777,0.2038,0.18,0.0673,-0.0735,344.21
114,LIGT3,10.6,2.43,0.52,0.24100000000000002,0.0122,0.135,18.24,2.34,-0.26,7.5,5.26,0.1027,0.0992,1.03,0.0701,0.2131,62286200.0
115,CEAB3,8.6,2.73,0.97,0.502,0.0001,0.439,2.12,6.85,-8.9,9.8,4.27,0.0732,0.1839,1.71,0.0809,0.3548,26511700.0
116,SMLS3,14.3,2.83,1.47,1.689,0.2489,0.616,1.23,2.47,1.64,0.84,0.81,0.6834,0.5962,2.09,0.4507,0.52,37075800.0
117,BAZA3,29.2,3.14,0.39,0.0,0.1718,0.0,0.0,0.0,0.0,0.0,0.0,0.0,0.0,0.0,0.0,0.1252,148889.0
118,CGRA3,20.38,3.16,0.7,0.853,0.086,0.474,2.14,9.62,4.46,7.97,5.2,0.0886,0.2694,2.07,0.0594,0.2209,62138.3
119,CGRA4,22.14,3.44,0.76,0.9259999999999999,0.0791,0.515,2.33,10.46,4.84,8.8,5.75,0.0886,0.2694,2.07,0.0594,0.2209,433248.0
120,ELET3,25.26,3.7,0.56,1.429,0.027999999999999997,0.223,2.63,5.44,-0.61,10.26,8.22,0.2627,0.3875,1.59,0.0454,0.1509,183740000.0
121,RSUL4,115.0,3.87,-25.62,0.39899999999999997,0.0,0.354,-1.13,2.72,-0.49,2.89,2.38,0.1465,0.10300000000000001,0.48,0.1358,-6.6122,1945.24
122,BSLI4,45.0,3.9,0.94,0.0,0.1107,0.0,0.0,0.0,0.0,0.0,0.0,0.0,0.0,0.0,0.0,0.2411,107.14
123,BNBR3,79.28,3.94,1.26,0.0,0.0808,0.0,0.0,0.0,0.0,0.0,0.0,0.0,0.0,0.0,0.0,0.32,81747.3
124,BRSR6,13.15,4.0,0.69,0.0,0.0896,0.0,0.0,0.0,0.0,0.0,0.0,0.0,0.0,0.0,0.0,0.1725,38650500.0
125,ELET6,28.34,4.16,0.63,1.604,0.0425,0.251,2.95,6.1,-0.68,10.93,8.75,0.2627,0.3875,1.59,0.0454,0.1509,123600000.0
126,BRSR3,13.96,4.25,0.73,0.0,0.0844,0.0,0.0,0.0,0.0,0.0,0.0,0.0,0.0,0.0,0.0,0.1725,93077.8
127,CMIG4,9.17,4.28,0.84,0.527,0.0791,0.268,6.01,2.72,-0.56,5.47,4.58,0.1935,0.1232,1.28,0.1055,0.1969,152927000.0
128,ROMI3,8.9,4.31,0.74,0.731,0.1292,0.409,1.53,22.23,3.68,30.22,12.95,0.0329,0.1697,1.92,0.0216,0.1712,3539370.0
129,CMIG3,9.41,4.39,0.86,0.541,0.0771,0.275,6.17,2.79,-0.57,5.54,4.64,0.1935,0.1232,1.28,0.1055,0.1969,25137200.0
130,EALT4,3.34,4.46,0.46,0.251,0.0418,0.204,7.21,2.67,-0.98,5.47,4.02,0.0941,0.0563,1.09,0.0811,0.1035,170804.0
131,BGIP4,25.4,4.64,0.89,0.0,0.0542,0.0,0.0,0.0,0.0,0.0,0.0,0.0,0.0,0.0,0.0,0.1927,46516.0
132,BMEB4,10.89,4.7,0.64,0.0,0.063,0.0,0.0,0.0,0.0,0.0,0.0,0.0,0.0,0.0,0.0,0.1368,207573.0
133,BBAS3,29.65,4.75,0.86,0.0,0.0818,0.0,0.0,0.0,0.0,0.0,0.0,0.0,0.0,0.0,0.0,0.18100000000000002,755371000.0
134,CRPG6,19.0,5.02,0.95,0.9359999999999999,0.0,0.698,1.07,7.14,1.37,4.59,3.44,0.131,0.1865,6.2,0.1389,0.1903,24584.1
135,CLSC4,37.0,5.03,1.01,0.17800000000000002,0.0662,0.15,-20.5,3.74,-0.25,6.61,4.14,0.0476,0.0354,0.97,0.0481,0.2015,1041040.0
136,CRPG5,19.15,5.06,0.96,0.943,0.0,0.7040000000000001,1.08,7.2,1.38,4.65,3.48,0.131,0.1865,6.2,0.1389,0.1903,299687.0
137,MYPK3,11.2,5.1,0.53,0.172,0.0758,0.184,2.22,2.74,-0.68,6.57,3.94,0.0628,0.0421,1.3,0.0828,0.1045,39038600.0
138,BSLI3,60.0,5.2,1.25,0.0,0.0755,0.0,0.0,0.0,0.0,0.0,0.0,0.0,0.0,0.0,0.0,0.2411,416.69
139,SGPS3,4.89,5.35,0.18,0.172,0.0,0.07400000000000001,0.78,3.65,-0.39,16.16,6.78,0.0471,0.0321,1.33,0.0228,0.033,1127900.0
140,PETR4,16.82,5.47,0.74,0.726,0.0559,0.237,-54.23,2.29,-0.43,5.6,3.37,0.3176,0.1356,0.97,0.1103,0.1358,1987660000.0
141,PETR3,16.86,5.48,0.74,0.728,0.0297,0.23800000000000002,-54.36,2.29,-0.43,5.6,3.38,0.3176,0.1356,0.97,0.1103,0.1358,852007000.0
142,FESA4,13.79,5.51,0.66,0.9520000000000001,0.0978,0.44299999999999995,2.78,10.38,-5.68,13.1,5.07,0.0917,0.1731,2.71,0.0469,0.1207,5491150.0
143,CSNA3,7.17,5.56,0.98,0.391,0.1325,0.196,9.0,1.87,-0.37,6.43,5.0,0.2091,0.0882,1.1,0.1205,0.1758,144514000.0
144,PRIO3,24.7,5.62,1.9,2.173,0.0,0.652,-15.16,7.67,-1.66,10.91,5.53,0.2835,0.3867,0.86,0.0999,0.3385,141404000.0
145,ABCB4,13.6,5.62,0.73,0.0,0.0772,0.0,0.0,0.0,0.0,0.0,0.0,0.0,0.0,0.0,0.0,0.1308,14530200.0
146,GPCP3,22.8,5.73,0.8,0.179,0.0085,0.17600000000000002,3.05,4.97,-0.41,11.24,6.75,0.0361,0.0277,1.21,0.0371,0.1403,197067.0
147,EUCA4,4.19,5.91,0.29,0.254,0.0109,0.16899999999999998,4.48,2.55,-1.35,5.28,2.81,0.0997,0.043,1.14,0.0719,0.0495,375156.0
148,ELET5,41.0,6.01,0.91,2.32,0.0,0.36200000000000004,4.27,8.83,-0.98,13.65,10.94,0.2627,0.3875,1.59,0.0454,0.1509,796.07
149,CAMB3,2.9,6.02,1.64,0.5539999999999999,0.0,0.501,9.86,5.12,-2.07,8.06,6.2,0.1082,0.0919,1.13,0.1069,0.2721,522842.0
150,TGMA3,17.71,6.03,2.03,0.868,0.0887,1.186,6.48,5.8,30.18,6.55,5.81,0.1495,0.14400000000000002,1.67,0.2284,0.3373,13125900.0
151,EKTR3,15.4,6.03,1.12,0.441,0.0242,0.379,3.45,2.92,-1.12,5.88,4.84,0.1509,0.0731,1.51,0.1576,0.1856,796.64
152,WHRL4,7.15,6.05,3.56,1.3880000000000001,0.0804,1.4069999999999998,6.62,29.22,8.37,26.39,18.7,0.0475,0.2294,1.38,0.1042,0.5879,179701.0
153,CRPG3,22.99,6.07,1.16,1.1320000000000001,0.0,0.845,1.3,8.64,1.66,6.09,4.56,0.131,0.1865,6.2,0.1389,0.1903,737.91
154,WHRL3,7.19,6.09,3.58,1.396,0.0727,1.415,6.66,29.38,8.42,26.56,18.82,0.0475,0.2294,1.38,0.1042,0.5879,18089.8
155,ALUP4,6.24,6.16,1.1,1.195,0.024,0.28300000000000003,1.63,2.35,-0.86,4.34,4.14,0.5087,0.3574,2.61,0.155,0.17800000000000002,147740.0
156,IDNT3,2.07,6.22,1.84,0.0,0.0,0.531,0.0,-6.09,0.0,-5.49,-5.49,0.0,0.0,0.0,0.0,0.2964,260390.0
157,BRSR5,21.0,6.39,1.1,0.0,0.057999999999999996,0.0,0.0,0.0,0.0,0.0,0.0,0.0,0.0,0.0,0.0,0.1725,2320.19
158,TUPY3,12.54,6.48,0.76,0.35,0.0138,0.353,1.23,4.13,-13.16,5.6,3.21,0.0848,0.054000000000000006,2.31,0.1197,0.1168,15700800.0
159,CEBR3,54.0,6.54,0.99,0.28300000000000003,0.0009,0.21100000000000002,4.51,3.67,-0.82,3.84,3.01,0.0771,0.057,1.11,0.0701,0.1518,32777.4
160,BRML3,9.45,6.62,0.75,6.562,0.0962,0.441,12.48,9.04,-1.38,11.17,10.92,0.7258,1.0997,2.41,0.051,0.1129,203244000.0
161,BTTL3,4.32,6.64,6.36,0.136,0.0,0.49200000000000005,-42.1,5.02,-0.88,7.37,5.07,0.0272,0.0205,0.97,0.11699999999999999,0.9586,12477.7
162,SHUL4,7.35,6.76,1.06,0.619,0.0361,0.47,1.27,7.94,8.13,10.58,7.06,0.078,0.0916,2.51,0.0809,0.1567,5960540.0
163,EKTR4,17.5,6.85,1.27,0.501,0.0234,0.43,3.92,3.32,-1.28,6.28,5.17,0.1509,0.0731,1.51,0.1576,0.1856,22103.9
164,SAPR4,4.9,6.86,1.2,1.568,0.0596,0.62,-61.38,3.86,-1.61,5.32,4.53,0.4064,0.2287,0.91,0.1676,0.1749,14987800.0
165,BMEB3,16.0,6.91,0.94,0.0,0.039,0.0,0.0,0.0,0.0,0.0,0.0,0.0,0.0,0.0,0.0,0.1368,30314.7
166,WIZS3,9.34,6.98,7.98,2.19,0.1906,2.5469999999999997,-12.34,3.88,-5.86,3.76,3.41,0.5647,0.32799999999999996,0.53,0.773,1.1435,12079100.0
167,SAPR11,25.0,7.0,1.22,1.6,0.0574,0.633,-62.63,3.94,-1.64,5.4,4.59,0.4064,0.2287,0.91,0.1676,0.1749,72284800.0
168,VULC3,4.12,7.08,0.93,0.745,0.0,0.747,1.57,6.92,1.92,6.79,4.38,0.1076,0.1052,5.32,0.1169,0.1316,5382380.0
169,BRGE12,4.85,7.12,0.3,12.419,0.0,0.10800000000000001,0.29,-0.83,0.75,3.25,3.26,-14.9768,2.6536,2.52,-0.275,0.0421,3863.88
170,COCE3,37.09,7.13,0.93,0.537,0.0504,0.33299999999999996,26.24,5.45,-0.85,9.26,6.12,0.0985,0.0753,1.05,0.0694,0.13,696.02
171,TRPL4,19.18,7.17,1.07,3.824,0.0788,0.585,3.81,5.86,-4.35,6.15,6.09,0.6529,0.5384,3.05,0.115,0.1494,56733600.0
172,SAPR3,5.13,7.18,1.26,1.641,0.0518,0.649,-64.26,4.04,-1.69,5.5,4.68,0.4064,0.2287,0.91,0.1676,0.1749,1099060.0
173,BMGB4,4.48,7.21,0.66,0.0,0.0472,0.0,0.0,0.0,0.0,0.0,0.0,0.0,0.0,0.0,0.0,0.0912,17695000.0
174,SANB3,13.57,7.22,1.46,0.0,0.0922,0.0,0.0,0.0,0.0,0.0,0.0,0.0,0.0,0.0,0.0,0.2022,834215.0
175,CESP6,25.67,7.23,1.18,5.35,0.1066,0.65,131.71,38.9,-1.76,43.99,15.96,0.1375,0.7402,1.07,0.0177,0.1628,100052000.0
176,JHSF3,3.64,7.24,0.77,3.665,0.0189,0.4,4.66,13.94,-1.26,17.94,15.63,0.2629,0.513,2.16,0.032,0.1069,46093200.0
177,CEBR6,60.0,7.27,1.1,0.315,0.0009,0.235,5.02,4.08,-0.91,4.25,3.33,0.0771,0.057,1.11,0.0701,0.1518,43195.8
178,ENBR3,16.09,7.3,1.06,0.6409999999999999,0.0401,0.355,6.14,4.04,-0.99,6.4,5.05,0.1586,0.0973,1.28,0.1068,0.145,74586300.0
179,TASA3,3.59,7.31,-1.04,0.318,0.0,0.298,4.92,4.19,-0.47,13.62,10.51,0.0758,0.0434,1.1,0.0827,-0.1426,414073.0
180,BRGE3,5.0,7.34,0.31,12.802999999999999,0.0,0.111,0.3,-0.85,0.77,3.22,3.23,-14.9768,2.6536,2.52,-0.275,0.0421,2944.33
181,BRGE8,5.0,7.34,0.31,12.802999999999999,0.057999999999999996,0.111,0.3,-0.85,0.77,3.22,3.23,-14.9768,2.6536,2.52,-0.275,0.0421,114.38
182,SANB11,27.58,7.34,1.48,0.0,0.0953,0.0,0.0,0.0,0.0,0.0,0.0,0.0,0.0,0.0,0.0,0.2022,92590600.0
183,CRIV3,5.17,7.38,0.56,0.0,0.0068,0.0,0.0,0.0,0.0,0.0,0.0,0.0,0.0,0.0,0.0,0.0758,9585.9
184,BBDC3,20.68,7.38,1.25,0.0,0.0914,0.0,0.0,0.0,0.0,0.0,0.0,0.0,0.0,0.0,0.0,0.1689,133937000.0
185,CESP3,26.48,7.46,1.21,5.519,0.1033,0.6709999999999999,135.87,40.13,-1.82,45.22,16.41,0.1375,0.7402,1.07,0.0177,0.1628,1621340.0
186,SANB4,14.08,7.49,1.52,0.0,0.0978,0.0,0.0,0.0,0.0,0.0,0.0,0.0,0.0,0.0,0.0,0.2022,1320300.0
187,ITSA4,9.24,7.54,1.41,15.517999999999999,0.0941,1.1520000000000001,20.42,415.59,-28.38,418.66,85.75,0.0373,2.1104,2.48,0.003,0.1867,390467000.0
188,ALUP11,22.9,7.54,1.34,1.4609999999999999,0.0197,0.34600000000000003,2.0,2.87,-1.05,4.86,4.64,0.5087,0.3574,2.61,0.155,0.17800000000000002,21971000.0
189,PTNT4,4.39,7.57,0.98,0.36700000000000005,0.0403,0.39299999999999996,3.28,6.72,-8.54,9.46,5.27,0.0546,0.078,1.36,0.0708,0.1298,202558.0
190,BEES3,5.13,7.58,1.01,0.0,0.0592,0.0,0.0,0.0,0.0,0.0,0.0,0.0,0.0,0.0,0.0,0.1329,239281.0
191,CPLE3,55.14,7.58,0.87,0.929,0.0469,0.39399999999999996,5.89,4.26,-1.18,6.69,5.12,0.2181,0.127,1.48,0.1052,0.1153,17010800.0
192,CLSC3,56.0,7.62,1.54,0.26899999999999996,0.0398,0.22699999999999998,-31.03,5.66,-0.38,8.53,5.34,0.0476,0.0354,0.97,0.0481,0.2015,1597.62
193,CPLE6,56.23,7.73,0.89,0.9470000000000001,0.0506,0.402,6.0,4.34,-1.2,6.78,5.18,0.2181,0.127,1.48,0.1052,0.1153,78949800.0
194,MTSA4,15.3,7.77,0.58,0.484,0.0523,0.45299999999999996,0.87,12.35,0.92,7.84,4.03,0.0392,0.0623,3.8,0.0523,0.0745,114254.0
195,CSMG3,46.5,7.81,0.87,1.143,0.0346,0.511,8.13,4.65,-2.0,6.85,4.64,0.2458,0.1463,1.65,0.1171,0.1119,49832800.0
196,BPAC5,11.31,7.85,1.38,0.0,0.0398,0.0,0.0,0.0,0.0,0.0,0.0,0.0,0.0,0.0,0.0,0.1759,18158.8
197,TASA4,3.88,7.9,-1.13,0.34299999999999997,0.0,0.322,5.32,4.53,-0.51,13.96,10.78,0.0758,0.0434,1.1,0.0827,-0.1426,3767440.0
198,BBDC4,22.39,8.0,1.35,0.0,0.0928,0.0,0.0,0.0,0.0,0.0,0.0,0.0,0.0,0.0,0.0,0.1689,898556000.0
199,CVCB3,12.95,8.01,1.41,0.977,0.0342,0.27899999999999997,1.16,2.74,-3.75,4.35,3.63,0.3563,0.1156,1.49,0.1221,0.1762,128000000.0
200,BEES4,5.45,8.06,1.07,0.0,0.0557,0.0,0.0,0.0,0.0,0.0,0.0,0.0,0.0,0.0,0.0,0.1329,45513.6
201,CIEL3,4.83,8.29,1.15,1.156,0.0429,0.14,1.5,6.7,-7.8,9.76,6.32,0.1726,0.1577,1.13,0.0748,0.139,105803000.0
202,ITUB3,22.75,8.35,1.69,0.0,0.0884,0.0,0.0,0.0,0.0,0.0,0.0,0.0,0.0,0.0,0.0,0.20199999999999999,47976100.0
203,CSAN3,51.57,8.38,1.93,1.499,0.0196,0.619,3.93,9.87,-1.94,13.43,10.52,0.1519,0.1831,1.84,0.08199999999999999,0.2298,161338000.0
204,CAML3,7.75,8.42,1.27,0.5670000000000001,0.0244,0.532,1.72,11.35,15.95,16.76,11.4,0.0499,0.0673,2.02,0.0628,0.1508,13716700.0
205,LEVE3,17.0,8.42,1.67,0.863,0.1257,0.937,4.28,5.6,33.0,6.25,5.02,0.1541,0.1013,1.87,0.1938,0.1987,10460500.0
206,CEBR5,70.0,8.48,1.29,0.36700000000000005,0.0561,0.27399999999999997,5.85,4.76,-1.07,4.93,3.87,0.0771,0.057,1.11,0.0701,0.1518,1329.69
207,SBSP3,41.78,8.48,1.32,1.588,0.0277,0.615,-18.34,4.99,-1.43,6.91,5.27,0.3184,0.1873,0.76,0.1306,0.1556,197430000.0
208,RAPT3,6.09,8.5,1.24,0.414,0.0589,0.33299999999999996,0.94,3.78,-5.34,5.37,4.2,0.1093,0.059000000000000004,2.49,0.14,0.1463,133526.0
209,JBSS3,19.0,8.54,1.75,0.253,0.0001,0.41,3.85,3.94,-1.0,7.2,4.87,0.0644,0.0316,1.47,0.1332,0.2048,448582000.0
210,HAGA4,1.8,8.55,-0.28,0.909,0.0,0.381,0.98,-10.6,-0.25,-12.09,-66.75,-0.0858,0.1063,1.93,-0.0999,-0.0332,50645.1
211,TRPL3,23.0,8.6,1.28,4.585,0.0657,0.7020000000000001,4.57,7.02,-5.22,7.31,7.25,0.6529,0.5384,3.05,0.115,0.1494,138448.0
212,ITUB4,23.5,8.63,1.74,0.0,0.0856,0.0,0.0,0.0,0.0,0.0,0.0,0.0,0.0,0.0,0.0,0.20199999999999999,1284330000.0
213,CESP5,30.99,8.73,1.42,6.459,0.1186,0.785,159.01,46.96,-2.13,52.06,18.89,0.1375,0.7402,1.07,0.0177,0.1628,23091.7
214,ITSA3,10.71,8.74,1.63,17.987000000000002,0.0812,1.335,23.67,481.71,-32.9,484.77,99.29,0.0373,2.1104,2.48,0.003,0.1867,3755750.0
215,BGIP3,47.9,8.76,1.69,0.0,0.0261,0.0,0.0,0.0,0.0,0.0,0.0,0.0,0.0,0.0,0.0,0.1927,2789.64
216,WLMM3,12.0,8.78,1.04,0.40299999999999997,0.0158,0.848,2.97,9.41,4.42,8.68,8.07,0.0429,0.0459,4.16,0.1002,0.1185,2864.55
217,FESA3,22.0,8.79,1.06,1.5190000000000001,0.0557,0.7070000000000001,4.44,16.55,-9.06,19.28,7.46,0.0917,0.1731,2.71,0.0469,0.1207,3869.31
218,TIMP3,13.31,8.9,1.44,1.854,0.0309,0.799,95.72,9.95,-3.41,9.67,3.74,0.1864,0.2084,1.04,0.0967,0.1615,149583000.0
219,CBEE3,15.0,8.95,0.68,0.423,0.0,0.237,-2.5,4.41,-0.58,10.73,6.01,0.096,0.0473,0.72,0.0612,0.0763,1269.45
220,TEND3,22.9,9.07,1.77,1.225,0.0261,0.687,1.24,6.49,6.29,5.94,5.47,0.1889,0.1356,4.33,0.1555,0.1951,47725800.0
221,ENMT3,25.5,9.14,2.45,1.101,0.0444,0.7020000000000001,9.25,6.15,-1.6,10.1,8.25,0.179,0.1204,1.38,0.1259,0.2678,23675.3
222,COCE5,47.81,9.19,1.2,0.6920000000000001,0.0391,0.43,33.83,7.03,-1.1,10.83,7.16,0.0985,0.0753,1.05,0.0694,0.13,1964930.0
223,ENMT4,25.95,9.3,2.49,1.12,0.0437,0.7140000000000001,9.41,6.26,-1.63,10.21,8.33,0.179,0.1204,1.38,0.1259,0.2678,7264.76
224,RAPT4,6.66,9.3,1.36,0.452,0.0539,0.364,1.02,4.14,-5.84,5.72,4.47,0.1093,0.059000000000000004,2.49,0.14,0.1463,44803700.0
225,MRVE3,13.36,9.33,1.33,1.063,0.0767,0.43799999999999994,1.29,7.17,-3.62,9.98,9.1,0.1483,0.1235,2.78,0.0655,0.1426,106554000.0
226,NEOE3,17.2,9.37,1.1,0.7340000000000001,0.0266,0.385,6.18,4.43,-0.95,8.39,6.39,0.1654,0.0811,1.35,0.0999,0.1175,83165800.0
227,MERC4,9.4,9.41,0.7,0.0,0.0526,0.0,0.0,0.0,0.0,0.0,0.0,0.0,0.0,0.0,0.0,0.0741,102485.0
228,ELEK3,17.65,9.45,2.38,0.552,0.0244,1.077,3.93,27.49,58.13,33.21,17.75,0.0201,0.0585,1.93,0.0477,0.2524,1690.9
229,CRIV4,6.73,9.61,0.73,0.0,0.061,0.0,0.0,0.0,0.0,0.0,0.0,0.0,0.0,0.0,0.0,0.0758,17495.3
230,BPAC11,41.75,9.67,1.7,0.0,0.0324,0.0,0.0,0.0,0.0,0.0,0.0,0.0,0.0,0.0,0.0,0.1759,224098000.0
231,TRIS3,7.4,9.86,1.32,1.729,0.0145,0.768,1.42,8.57,1.91,7.44,7.38,0.2017,0.1891,3.15,0.1264,0.134,27826300.0
232,CEEB3,38.0,9.87,1.91,0.975,0.0549,0.526,14.56,5.63,-1.08,9.5,7.39,0.1732,0.0988,1.18,0.1038,0.1934,4877.1
233,BRIV3,7.5,9.9,0.45,0.0,0.0,0.0,0.0,0.0,0.0,0.0,0.0,0.0,0.0,0.0,0.0,0.0451,8881.21
234,BRIV4,7.5,9.9,0.45,0.0,0.0741,0.0,0.0,0.0,0.0,0.0,0.0,0.0,0.0,0.0,0.0,0.0451,14672.0
235,EALT3,7.5,10.01,1.04,0.564,0.0169,0.45799999999999996,16.2,5.99,-2.2,8.79,6.46,0.0941,0.0563,1.09,0.0811,0.1035,1618.67
236,RPAD3,4.87,10.09,0.41,1472.86,0.0001,0.41100000000000003,-191.64,-116.53,-164.63,-115.23,-115.23,-12.6393,146.0,0.76,-0.0035,0.0411,5229.57
237,GUAR3,12.04,10.14,1.15,0.77,0.0448,0.47700000000000004,1.93,9.81,45.77,11.86,6.46,0.0785,0.0759,1.71,0.0589,0.1134,25254300.0
238,BRDT3,19.42,10.23,2.58,0.23800000000000002,0.1351,0.875,6.24,10.91,-4.64,13.04,10.4,0.0218,0.0233,1.42,0.0978,0.2522,194687000.0
239,SMTO3,17.01,10.35,1.63,1.64,0.0385,0.523,2.5,9.27,-1.49,16.17,4.1,0.1769,0.1585,2.75,0.0644,0.1575,42042600.0
240,DOHL4,5.48,10.41,0.56,0.664,0.0,0.447,1.13,32.01,1.68,27.97,11.28,0.0207,0.0638,6.62,0.0155,0.0536,5495.79
241,ALUP3,10.67,10.54,1.88,2.043,0.0141,0.484,2.79,4.02,-1.47,6.01,5.73,0.5087,0.3574,2.61,0.155,0.17800000000000002,516237.0
242,FRIO3,56.2,10.59,4.07,0.156,0.0,0.142,3.06,3.53,-0.69,11.09,6.55,0.0441,0.032,1.07,0.0873,0.3839,16002.0
243,ELEK4,19.88,10.64,2.68,0.622,0.0216,1.213,4.43,30.97,65.48,36.69,19.61,0.0201,0.0585,1.93,0.0477,0.2524,13352.5
244,POMO3,2.29,10.77,0.94,0.503,0.0581,0.418,1.64,9.01,-46230.3,11.63,8.55,0.0558,0.0491,1.87,0.0661,0.0872,765869.0
245,EMAE4,27.08,10.8,1.01,2.279,0.0241,0.667,2.1,27.96,10.98,18.47,15.9,0.0815,0.21100000000000002,4.82,0.033,0.0936,236768.0
246,HGTX3,14.45,10.94,1.65,1.516,0.0461,1.296,2.64,11.53,2.84,10.06,7.02,0.1315,0.1386,3.73,0.1617,0.1505,58178300.0
247,CSRN3,18.0,11.08,2.88,1.153,0.0638,0.745,7.45,7.1,-1.46,10.47,8.58,0.1625,0.1041,1.76,0.11900000000000001,0.2596,2297.21
248,SULA4,11.25,11.25,1.86,0.612,0.0191,0.46799999999999997,1.34,14.3,-13.38,-2.06,-1.83,0.0428,0.0544,1.95,0.0813,0.1655,60119.5
249,GOAU3,4.4,11.25,0.48,0.121,0.0256,0.08900000000000001,0.44,1.73,-0.56,5.26,3.0,0.0698,0.0302,2.46,0.0629,0.0424,746716.0
250,PSSA3,48.25,11.31,1.89,0.863,0.0484,0.47700000000000004,3.26,1.08,-9.41,0.37,0.37,0.7977,0.0763,1.27,0.6407,0.1668,45412100.0
251,WLMM4,15.6,11.41,1.35,0.524,0.0134,1.102,3.86,12.23,5.74,11.51,10.7,0.0429,0.0459,4.16,0.1002,0.1185,36279.4
252,POMO4,2.43,11.43,1.0,0.5329999999999999,0.0547,0.44299999999999995,1.74,9.56,-49056.6,12.18,8.96,0.0558,0.0491,1.87,0.0661,0.0872,31894000.0
253,EQPA3,2.86,11.47,1.93,1.17,0.0,0.628,3.03,5.41,-2.14,4.33,3.52,0.2163,0.102,2.2,0.1486,0.1678,171093.0
254,EVEN3,6.35,11.56,0.83,0.72,0.0,0.27699999999999997,0.62,7.61,3.1,10.23,9.73,0.0947,0.0746,2.65,0.0457,0.0714,30264400.0
255,EQTL3,18.33,11.66,2.79,1.13,0.0103,0.547,4.67,4.89,-1.13,8.02,6.99,0.2312,0.1143,1.69,0.1378,0.2393,241001000.0
256,LUXM4,29.25,11.71,1.5,1.2770000000000001,0.064,0.805,6.53,9.5,-5.87,11.1,5.43,0.1344,0.109,1.61,0.0889,0.1281,3118.67
257,NAFG3,64.37,11.8,2.76,1.102,0.0144,1.153,3.2,7.35,60.48,8.64,6.57,0.1499,0.0928,2.52,0.1992,0.2342,459.45
258,NAFG4,64.42,11.81,2.76,1.103,0.0144,1.1540000000000001,3.2,7.36,60.52,8.65,6.57,0.1499,0.0928,2.52,0.1992,0.2342,2912.24
259,VLID3,9.03,11.85,0.59,0.32,0.0775,0.255,1.43,3.39,-2.01,6.7,3.91,0.0944,0.0268,1.71,0.0939,0.0494,10671900.0
260,CPFE3,27.8,11.85,2.47,1.07,0.0153,0.727,116.6,6.6,-1.57,9.93,7.7,0.162,0.0918,1.03,0.1275,0.20800000000000002,106592000.0
261,ENAT3,9.62,11.87,0.88,2.3,0.1982,0.562,1.7,8.28,6.06,3.58,1.49,0.2777,0.1938,3.63,0.1135,0.0744,20489000.0
262,EEEL3,479.99,11.88,1.91,4.273,0.0301,0.899,8.17,11.99,-2.89,12.37,11.39,0.3564,0.358,2.04,0.0826,0.1608,12571.4
263,BPAN4,5.12,11.96,1.25,0.0,0.0461,0.0,0.0,0.0,0.0,0.0,0.0,0.0,0.0,0.0,0.0,0.1047,40912900.0
264,GOAU4,4.72,12.07,0.51,0.129,0.0239,0.095,0.47,1.86,-0.6,5.38,3.08,0.0698,0.0302,2.46,0.0629,0.0424,117819000.0
265,TKNO4,39.2,12.32,0.64,0.774,0.0,0.505,1.43,67.03,1.64,52.9,11.4,0.0116,0.0629,3.17,0.0097,0.0516,93.33
266,SLCE3,20.36,12.46,1.39,1.276,0.0465,0.5579999999999999,3.71,7.36,-4.4,9.21,7.67,0.1733,0.1036,1.51,0.1023,0.1119,28408900.0
267,BRGE11,8.5,12.48,0.53,21.765,0.0409,0.188,0.51,-1.45,1.31,2.62,2.63,-14.9768,2.6536,2.52,-0.275,0.0421,358.86
268,CGAS3,130.26,12.63,33.23,1.814,0.20800000000000002,2.042,-1090.0,7.79,-3.36,9.67,8.39,0.2328,0.1437,0.99,0.3564,2.6317,27276.8
269,MOVI3,9.86,12.94,1.28,0.768,0.0366,0.40700000000000003,-10.16,5.86,-0.98,10.03,6.49,0.1311,0.0594,0.87,0.1049,0.099,51623400.0
270,YDUQ3,27.05,12.94,2.7,2.345,0.0189,1.517,10.44,9.44,-8.95,10.62,7.54,0.2484,0.1812,2.19,0.1854,0.2083,169958000.0
271,SULA11,39.3,13.1,2.17,0.713,0.0164,0.545,1.57,16.66,-15.58,0.29,0.26,0.0428,0.0544,1.95,0.0813,0.1655,211677000.0
272,GRND3,7.22,13.16,1.77,3.145,0.0444,1.6030000000000002,2.76,19.98,2.87,16.43,13.34,0.1574,0.239,8.91,0.1206,0.1344,17812400.0
273,CARD3,8.55,13.32,1.39,0.8240000000000001,0.0364,0.721,-57.23,8.94,-3.41,11.16,4.51,0.0922,0.0619,0.96,0.096,0.1043,3266030.0
274,UNIP6,23.85,13.45,1.58,0.765,0.0301,0.627,5.52,6.09,-2.27,6.52,4.41,0.1256,0.0565,1.54,0.1268,0.1178,7273190.0
275,GGBR3,9.56,13.66,0.61,0.415,0.022000000000000002,0.304,1.52,5.93,-1.91,9.45,5.4,0.0699,0.0307,2.46,0.0631,0.0447,1346710.0
276,EGIE3,39.27,13.87,4.58,3.2680000000000002,0.0413,1.063,41.83,8.22,-1.95,11.01,9.02,0.3976,0.2357,1.13,0.1529,0.3302,105690000.0
277,DIRR3,9.13,13.94,1.11,0.96,0.0548,0.301,0.77,6.02,-1.47,6.64,5.75,0.1594,0.0829,4.52,0.06,0.0799,17999600.0
278,BRPR3,8.87,14.0,0.61,11.495999999999999,0.0,0.43799999999999994,3.65,17.33,-3.52,19.46,19.46,0.6632,0.821,4.86,0.028999999999999998,0.0432,30969700.0
279,CYRE3,14.6,14.03,1.23,1.485,0.1247,0.584,1.84,13.25,10.79,15.84,14.73,0.11199999999999999,0.1359,2.44,0.0519,0.0873,155823000.0
280,PEAB4,51.0,14.37,1.24,1.6119999999999999,0.0839,0.9470000000000001,3.09,14.34,4.79,10.52,8.9,0.1125,0.1124,3.49,0.0935,0.086,4102.02
281,JSLG3,15.72,14.39,2.41,0.336,0.012,0.16,0.77,2.8,-0.36,10.29,5.75,0.12,0.0329,1.9,0.0919,0.1677,29257700.0
282,BPAC3,21.0,14.58,2.57,0.0,0.0215,0.0,0.0,0.0,0.0,0.0,0.0,0.0,0.0,0.0,0.0,0.1759,30904.4
283,ATOM3,1.44,14.6,5.92,4.239,0.0,1.881,2.36,442.57,10.53,289.27,289.27,0.0096,0.2903,13.62,0.0122,0.4056,78351.7
284,PTNT3,8.5,14.66,1.9,0.71,0.0208,0.762,6.34,13.01,-16.53,15.75,8.77,0.0546,0.078,1.36,0.0708,0.1298,42.14
285,CTSA3,3.96,14.68,0.54,0.337,0.0806,0.26,2.23,4.12,-3.43,9.6,9.6,0.0818,0.023,1.36,0.0694,0.0368,16264.5
286,VIVA3,16.05,14.7,3.48,5.0569999999999995,0.0097,2.017,4.41,20.14,7.16,19.26,16.68,0.2511,0.3441,2.88,0.1338,0.2367,46152900.0
287,JPSA3,21.79,14.88,1.25,2.535,0.0183,0.33299999999999996,2.15,5.02,-1.23,8.86,6.64,0.5054,0.3781,4.16,0.0806,0.0837,10053000.0
288,GEPA3,39.0,14.95,2.37,2.6639999999999997,0.0839,0.835,-8.55,7.73,-2.35,8.26,5.64,0.3445,0.1782,0.75,0.2133,0.1589,5665.43
289,UCAS3,4.12,15.14,1.7,1.8230000000000002,0.1075,1.193,4.18,15.83,4.85,11.95,7.92,0.1152,0.1204,2.1,0.1075,0.1124,1493130.0
290,GGBR4,10.7,15.29,0.68,0.46399999999999997,0.0196,0.341,1.7,6.64,-2.14,10.15,5.81,0.0699,0.0307,2.46,0.0631,0.0447,258775000.0
291,BRGE6,10.5,15.41,0.65,26.886,0.0663,0.233,0.63,-1.8,1.62,2.28,2.29,-14.9768,2.6536,2.52,-0.275,0.0421,274.05
292,UNIP5,27.52,15.52,1.83,0.883,0.0367,0.7240000000000001,6.37,7.03,-2.62,7.45,5.04,0.1256,0.0565,1.54,0.1268,0.1178,54007.7
293,CGAS5,160.1,15.52,40.84,2.23,0.1791,2.51,-1339.69,9.58,-4.13,11.46,9.94,0.2328,0.1437,0.99,0.3564,2.6317,1042220.0
294,SEER3,16.5,15.57,1.62,1.665,0.1549,0.83,8.92,8.31,-3.5,7.83,5.18,0.2002,0.1069,1.59,0.1151,0.1042,21206600.0
295,BAUH4,81.14,15.78,5.91,2.352,0.0,3.4989999999999997,20.13,26.6,24.23,24.38,19.01,0.0884,0.1491,1.46,0.2661,0.3743,121539.0
296,DTEX3,9.34,15.93,1.31,1.2890000000000001,0.04,0.603,4.74,18.67,-2.85,23.59,7.66,0.0691,0.081,1.63,0.0391,0.0823,57799900.0
297,RPAD6,7.7,15.95,0.66,2328.75,0.0001,0.65,-303.0,-184.25,-260.3,-182.94,-182.94,-12.6393,146.0,0.76,-0.0035,0.0411,980.31
298,PARD3,19.5,16.15,3.67,1.8869999999999998,0.023,1.571,13.96,11.16,-6.19,11.61,8.26,0.16899999999999998,0.11699999999999999,1.55,0.1683,0.2275,12499000.0
299,ABEV3,12.1,16.16,3.11,3.62,0.0405,1.871,72.95,12.21,-16.46,11.64,9.02,0.2965,0.2317,1.1,0.2061,0.1922,490808000.0
300,CTSA4,4.38,16.23,0.6,0.373,0.0802,0.28800000000000003,2.46,4.56,-3.8,10.04,10.04,0.0818,0.023,1.36,0.0694,0.0368,2687.07
301,UNIP3,28.99,16.34,1.93,0.93,0.0225,0.763,6.71,7.4,-2.76,7.83,5.3,0.1256,0.0565,1.54,0.1268,0.1178,242038.0
302,EQPA5,4.1,16.45,2.76,1.6769999999999998,0.022000000000000002,0.9009999999999999,4.34,7.76,-3.07,6.68,5.43,0.2163,0.102,2.2,0.1486,0.1678,7420.38
303,RPAD5,8.1,16.78,0.69,2449.73,0.0646,0.684,-318.74,-193.82,-273.82,-192.51,-192.51,-12.6393,146.0,0.76,-0.0035,0.0411,2774.86
304,PEAB3,60.0,16.9,1.45,1.8969999999999998,0.0648,1.114,3.64,16.87,5.63,13.05,11.04,0.1125,0.1124,3.49,0.0935,0.086,11085.4
305,GEPA4,44.2,16.94,2.69,3.0189999999999997,0.07400000000000001,0.946,-9.69,8.76,-2.66,9.29,6.34,0.3445,0.1782,0.75,0.2133,0.1589,79774.2
306,HYPE3,31.46,17.09,2.28,6.037000000000001,0.0434,1.669,6.3,41.89,13.03,40.11,32.0,0.1441,0.3533,3.0,0.0508,0.1336,154597000.0
307,AFLT3,6.85,17.11,2.02,11.189,0.0154,1.915,6.07,17.31,6.75,15.29,15.29,0.6463,0.654,18.09,0.1456,0.1178,23249.4
308,VIVT4,50.8,17.18,1.22,1.94,0.0695,0.7929999999999999,94.13,12.43,-4.48,13.94,5.4,0.1561,0.113,1.05,0.0705,0.071,174130000.0
309,VIVT3,50.86,17.2,1.22,1.943,0.0631,0.794,94.24,12.45,-4.48,13.96,5.41,0.1561,0.113,1.05,0.0705,0.071,5734070.0
310,SULA3,17.3,17.3,2.86,0.9420000000000001,0.0124,0.72,2.07,22.0,-20.57,5.63,4.99,0.0428,0.0544,1.95,0.0813,0.1655,50937.0
311,CNTO3,25.62,17.36,4.6,2.115,0.0,1.369,11.53,71.74,-4.47,70.8,18.25,0.0295,0.1217,1.43,0.0237,0.2651,71941600.0
312,EUCA3,12.31,17.36,0.86,0.747,0.0034,0.496,13.16,7.5,-3.97,10.22,5.44,0.0997,0.043,1.14,0.0719,0.0495,105373.0
313,SOND6,31.01,17.37,1.47,1.198,0.203,1.034,2.65,13.05,3.72,8.36,6.53,0.0919,0.069,3.1,0.128,0.0848,1809.74
314,QUAL3,24.05,17.39,4.79,3.41,0.19899999999999998,2.021,15.02,8.67,-6.65,9.73,6.56,0.3934,0.1961,1.97,0.2982,0.2753,149525000.0
315,KEPL3,24.9,17.44,1.4,1.123,0.0101,0.9690000000000001,5.19,11.14,6.93,10.52,6.9,0.1008,0.0644,1.71,0.1082,0.0804,3405650.0
316,IGTA3,30.71,17.49,1.82,7.191,0.0277,0.9640000000000001,6.18,13.36,-3.64,16.83,12.79,0.5384,0.4167,4.33,0.0874,0.1038,73344100.0
317,CCRO3,12.81,17.99,3.18,2.443,0.0827,0.778,42.24,7.64,-1.46,11.79,7.49,0.3196,0.1347,1.09,0.1217,0.1767,143666000.0
318,ENEV3,34.27,18.0,1.57,3.446,0.0,0.78,7.34,12.5,-2.61,16.86,10.76,0.2756,0.191,2.09,0.0753,0.087,91934700.0
319,HAGA3,3.8,18.06,-0.6,1.92,0.0,0.804,2.07,-22.37,-0.52,-23.86,-131.77,-0.0858,0.1063,1.93,-0.0999,-0.0332,611.76
320,MOAR3,149.9,18.34,1.72,1628.04,0.0749,1.077,4.64,-37.35,-70.46,-32.85,-33.43,-43.5895,89.1569,2.84,-0.0435,0.0938,17199.8
321,WSON33,30.0,18.47,1.07,1.334,0.0715,0.461,9.46,3.43,-1.1,6.34,6.34,0.3893,0.0758,1.49,0.1519,0.0578,2505010.0
322,LCAM3,12.33,18.55,1.61,1.307,0.0269,0.568,7.43,7.86,-1.56,11.19,7.04,0.1664,0.0705,1.37,0.1123,0.0866,86634200.0
323,MDIA3,30.65,18.66,1.72,1.702,0.0082,1.2830000000000001,8.89,19.45,40.63,20.61,14.34,0.0875,0.0912,2.01,0.0704,0.0923,58347000.0
324,TIET4,2.81,18.68,3.86,2.736,0.0585,0.7190000000000001,-56.78,7.76,-1.23,11.75,8.2,0.3528,0.1464,0.95,0.1388,0.2068,2561020.0
325,TIET11,14.4,19.15,3.96,2.804,0.0571,0.737,-58.19,7.95,-1.27,11.95,8.34,0.3528,0.1464,0.95,0.1388,0.2068,45292500.0
326,BALM4,13.05,20.46,1.27,0.857,0.0107,0.6709999999999999,2.44,11.32,4.35,12.87,10.27,0.0757,0.0281,1.88,0.0662,0.0622,14040.4
327,PATI3,20.0,20.5,0.86,0.348,0.0,0.382,0.76,8.81,2.05,9.47,7.65,0.0395,0.017,3.15,0.083,0.0418,26209.9
328,SOND5,37.0,20.73,1.76,1.43,0.1701,1.2329999999999999,3.16,15.56,4.44,10.88,8.51,0.0919,0.069,3.1,0.128,0.0848,1321.43
329,ARZZ3,37.6,21.09,4.58,2.037,0.0205,2.42,6.63,20.44,10.91,19.86,13.42,0.0996,0.0966,2.11,0.1672,0.2173,34334600.0
330,PCAR3,63.3,21.48,1.55,0.3,0.002,0.293,-5.23,4.43,-0.69,6.06,4.31,0.0676,0.0148,0.86,0.109,0.0722,83061500.0
331,TIET3,3.27,21.74,4.5,3.1839999999999997,0.0503,0.8370000000000001,-66.07,9.02,-1.44,13.02,9.09,0.3528,0.1464,0.95,0.1388,0.2068,1025180.0
332,FLRY3,21.55,21.86,3.88,2.35,0.0435,1.339,9.25,12.02,-3.69,13.34,8.53,0.1955,0.1075,1.99,0.1385,0.1776,86269200.0
333,SCAR3,33.65,22.5,1.32,5.2170000000000005,0.0109,0.657,6.48,9.38,-1.78,14.82,12.25,0.5565,0.2334,4.49,0.0777,0.0587,518503.0
334,PATI4,22.99,23.56,0.99,0.4,0.0,0.44,0.87,10.13,2.36,10.79,8.71,0.0395,0.017,3.15,0.083,0.0418,2232.26
335,LOGG3,20.81,23.57,0.72,16.604,0.0049,0.5329999999999999,2.87,21.29,-13.09,25.11,24.93,0.7801,0.7290000000000001,6.69,0.0288,0.0307,13826900.0
336,FRAS3,4.05,23.89,1.15,0.645,0.0737,0.544,2.27,8.11,-7.98,9.76,5.98,0.0796,0.024,2.14,0.0828,0.0483,1081890.0
337,JOPA4,24.21,23.97,0.51,0.21,0.0295,0.142,0.43,5.55,-20.28,16.85,12.61,0.0379,0.0152,2.12,0.0339,0.0214,174.33
338,EQPA7,6.0,24.07,4.04,2.455,0.0133,1.318,6.35,11.35,-4.49,10.27,8.36,0.2163,0.102,2.2,0.1486,0.1678,7246.9
339,EZTC3,30.2,24.39,1.82,8.522,0.0034,1.6030000000000002,3.24,48.72,3.47,39.73,37.2,0.1749,0.3611,7.41,0.0478,0.0747,118198000.0
340,PCAR4,72.11,24.47,1.77,0.341,0.002,0.33299999999999996,-5.96,5.05,-0.79,6.68,4.74,0.0676,0.0148,0.86,0.109,0.0722,45338600.0
341,MULT3,19.56,24.95,2.1,9.0,0.024,1.227,30.08,15.04,-4.41,17.85,13.92,0.5985,0.3594,1.42,0.0922,0.0843,160113000.0
342,KLBN4,3.17,25.38,2.84,1.67,0.0545,0.494,1.62,8.98,-1.18,16.5,7.68,0.1859,0.0696,4.4,0.0797,0.1118,7768070.0
343,USIM5,4.33,25.44,0.39,0.363,0.0185,0.20600000000000002,0.91,4.68,-2.84,7.43,4.0,0.0775,0.0252,3.07,0.0506,0.0152,130788000.0
344,KLBN11,16.0,25.62,2.86,1.685,0.054000000000000006,0.499,1.64,9.07,-1.19,16.58,7.72,0.1859,0.0696,4.4,0.0797,0.1118,154771000.0
345,ODPV3,14.14,26.38,6.76,4.1530000000000005,0.0213,4.247,23.58,15.24,45.19,14.13,13.56,0.2726,0.1575,1.64,0.4078,0.2562,31788300.0
346,LREN3,36.58,26.48,6.19,3.035,0.0147,2.468,15.42,11.93,-67.53,12.04,9.27,0.2545,0.1146,1.4,0.2613,0.2336,395638000.0
347,KLBN3,3.34,26.74,2.99,1.7590000000000001,0.0517,0.521,1.71,9.46,-1.24,16.98,7.9,0.1859,0.0696,4.4,0.0797,0.1118,1611880.0
348,AGRO3,17.45,26.8,1.15,1.91,0.0488,0.715,4.32,8.97,-11.66,11.98,10.06,0.213,0.1796,2.1,0.08900000000000001,0.0429,2051830.0
349,PTBL3,2.25,27.16,0.97,0.32,0.0,0.19399999999999998,1.48,23.29,-0.58,57.29,12.7,0.0137,0.0118,1.39,0.0108,0.0357,6403090.0
350,OFSA3,23.5,27.4,2.57,2.046,0.0007,1.4580000000000002,5.91,17.69,26.42,20.99,15.62,0.1157,0.0747,2.02,0.0914,0.094,628882.0
351,RENT3,30.15,27.42,4.2,2.2430000000000003,0.013000000000000001,1.179,23.53,15.07,-2.42,19.38,13.13,0.1489,0.0818,1.28,0.1085,0.1531,379650000.0
352,POSI3,3.27,28.17,0.88,0.242,0.0,0.23800000000000002,1.58,4.88,7.57,7.53,5.13,0.0496,0.0109,1.25,0.0863,0.0312,17613400.0
353,MRFG3,8.86,28.9,10.19,0.129,0.0,0.2,1.66,1.76,-0.41,5.63,4.22,0.0733,0.0324,1.36,0.1759,0.3526,192842000.0
354,REDE3,10.0,28.92,5.89,1.838,0.046,1.1,13.0,11.99,-2.24,16.02,11.73,0.1533,0.0879,1.49,0.1021,0.2037,44683.1
355,ENGI4,7.4,29.49,2.36,0.675,0.0162,0.342,5.78,5.79,-0.58,12.01,8.01,0.1166,0.0265,1.31,0.067,0.0799,95377.9
356,B3SA3,39.01,29.6,3.16,12.214,0.0409,2.0069999999999997,33.28,24.88,-19.32,23.3,17.66,0.491,0.4126,1.3,0.1063,0.1069,805785000.0
357,JOPA3,30.24,29.95,0.64,0.263,0.0215,0.17800000000000002,0.54,6.93,-25.34,18.23,13.64,0.0379,0.0152,2.12,0.0339,0.0214,2326.45
358,AALR3,10.64,30.48,0.98,1.173,0.0079,0.524,116.41,10.01,-1.9,14.19,7.33,0.1173,0.0467,1.03,0.0557,0.0322,7334810.0
359,USIM3,5.28,31.02,0.47,0.44299999999999995,0.0138,0.251,1.11,5.71,-3.46,8.46,4.56,0.0775,0.0252,3.07,0.0506,0.0152,870223.0
360,ENGI11,41.71,33.24,2.66,0.7609999999999999,0.0144,0.385,6.51,6.52,-0.66,12.74,8.5,0.1166,0.0265,1.31,0.067,0.0799,89961000.0
361,BMIN4,15.6,33.8,0.61,0.0,0.0897,0.0,0.0,0.0,0.0,0.0,0.0,0.0,0.0,0.0,0.0,0.0181,10786.5
362,BMKS3,200.0,33.86,0.48,5.861000000000001,0.0419,0.41200000000000003,0.57,-16.59,0.68,9.1,16.37,-0.3532,0.1731,27.35,-0.0786,0.0141,8985.62
363,RLOG3,15.9,34.43,3.1,1.0390000000000001,0.0,0.22399999999999998,3.85,3.49,-0.38,8.12,4.48,0.2973,0.1098,1.63,0.0694,0.09,16268000.0
364,PNVL4,20.35,35.92,5.26,1.012,0.0091,1.8880000000000001,7.88,24.21,-32.45,28.02,15.24,0.0418,0.0282,1.7,0.1049,0.1464,233484.0
365,MTRE3,10.9,36.09,18.22,3.697,0.0,2.911,14.62,24.74,-37.65,26.61,25.76,0.1494,0.1026,1.35,0.1332,0.5049,17042600.0
366,COGN3,4.58,36.54,0.54,1.2229999999999999,0.018000000000000002,0.252,4.97,8.79,-0.62,20.33,9.14,0.1391,0.0345,1.63,0.0302,0.0149,237091000.0
367,RAIL3,19.47,39.0,3.64,4.283,0.0,0.925,15.87,14.63,-1.58,19.33,10.58,0.2927,0.1109,1.63,0.0684,0.0933,290029000.0
368,LAME3,16.97,39.07,5.32,1.4509999999999998,0.0107,0.8270000000000001,3.29,12.0,-3.94,15.14,9.47,0.121,0.0307,1.79,0.1379,0.1362,30043100.0
369,CRFB3,20.0,39.19,2.94,0.6609999999999999,0.0141,0.884,18.94,10.78,-4.93,10.47,8.11,0.0613,0.0221,1.1,0.1358,0.075,101577000.0
370,BMIN3,18.1,39.22,0.71,0.0,0.0,0.0,0.0,0.0,0.0,0.0,0.0,0.0,0.0,0.0,0.0,0.0181,17306.6
371,CEGR3,60.0,41.77,17.06,3.364,0.0,4.8,-45.75,24.62,-9.16,26.17,21.64,0.1366,0.0805,0.65,0.2232,0.4084,776.19
372,UGPA3,14.24,42.5,1.68,0.17800000000000002,0.0308,0.509,1.61,9.1,-2.52,15.28,9.23,0.0195,0.0045,2.9,0.0749,0.0395,196325000.0
373,HAPV3,48.86,42.72,5.0,6.443,0.0084,2.915,87.29,34.97,-11.98,35.65,29.89,0.1843,0.1512,1.24,0.0948,0.1171,176182000.0
374,BKBR3,9.1,42.76,1.16,0.7240000000000001,0.0056,0.588,10.88,16.68,-2.36,16.01,4.66,0.0434,0.0169,1.28,0.0472,0.0272,24391200.0
375,RADL3,101.96,43.62,8.37,1.9180000000000001,0.006,2.75,20.08,37.01,-13.94,37.92,17.95,0.0518,0.0449,1.41,0.0979,0.1919,249890000.0
376,PFRM3,4.29,44.34,0.53,0.111,0.0,0.16699999999999998,1.02,2.92,-6.4,5.35,3.13,0.0379,0.0025,1.33,0.0959,0.0119,2880600.0
377,PNVL3,25.98,45.86,6.71,1.2919999999999998,0.0065,2.41,10.06,30.91,-41.42,34.72,18.88,0.0418,0.0282,1.7,0.1049,0.1464,1702530.0
378,ALPA3,22.0,47.2,4.9,3.485,0.0023,2.861,9.56,21.86,15.73,21.37,16.84,0.1595,0.0699,2.08,0.1642,0.1037,86081.7
379,LAME4,21.3,49.04,6.68,1.821,0.0085,1.038,4.13,15.06,-4.95,18.21,11.39,0.121,0.0307,1.79,0.1379,0.1362,210933000.0
380,BRFS3,18.04,49.25,1.86,0.43799999999999994,0.0,0.35100000000000003,8.51,5.75,-0.79,11.23,5.9,0.0762,0.0089,1.13,0.0849,0.0377,208220000.0
381,TOTS3,53.75,49.35,4.18,4.537,0.0078,2.928,7.97,11.84,10.94,10.6,9.07,0.3832,0.0923,2.84,0.4522,0.0847,175564000.0
382,WEGE3,38.3,49.78,9.22,6.022,0.0107,5.124,15.25,37.36,26.76,36.84,31.11,0.1612,0.1223,2.17,0.1878,0.1852,350900000.0
383,EQPA6,12.49,50.1,8.41,5.11,0.0,2.7439999999999998,13.23,23.63,-9.36,22.55,18.34,0.2163,0.102,2.2,0.1486,0.1678,29.74
384,ENGI3,12.65,50.41,4.03,1.153,0.0095,0.584,9.88,9.89,-1.0,16.11,10.75,0.1166,0.0265,1.31,0.067,0.0799,102279.0
385,ALPA4,25.99,55.76,5.78,4.117,0.0021,3.38,11.29,25.82,18.58,25.33,19.96,0.1595,0.0699,2.08,0.1642,0.1037,68201500.0
386,USIM6,9.5,55.82,0.85,0.7959999999999999,0.0084,0.452,1.99,10.27,-6.23,13.02,7.02,0.0775,0.0252,3.07,0.0506,0.0152,248.81
387,MGLU3,41.65,73.41,8.95,3.403,0.0035,3.4189999999999996,13.99,73.45,110.03,69.21,45.28,0.0463,0.0464,1.6,0.1012,0.1219,789875000.0
388,GNDI3,52.15,74.32,4.94,3.742,0.0032,2.394,8.89,33.47,-39.14,30.68,24.33,0.1118,0.0504,2.45,0.1145,0.0665,305018000.0
389,CCPR3,15.08,75.89,1.31,5.287999999999999,0.0,0.469,3.34,10.05,-2.18,14.51,12.32,0.5262,0.2055,3.88,0.0563,0.0172,9000280.0
390,CPRE3,15.3,82.54,1.76,4.137,0.0,0.675,-34.18,10.96,-1.36,16.65,8.82,0.3775,0.0555,0.85,0.0673,0.0213,2492.29
391,BIDI4,9.4,84.25,3.02,0.0,0.0082,0.0,0.0,0.0,0.0,0.0,0.0,0.0,0.0,0.0,0.0,0.0358,23834600.0
392,BIDI3,9.7,86.94,3.12,0.0,0.0061,0.0,0.0,0.0,0.0,0.0,0.0,0.0,0.0,0.0,0.0,0.0358,4831670.0
393,APER3,19.2,88.13,1.25,2.419,0.0,0.8440000000000001,3.54,-841.28,13.2,-537.92,24.66,-0.0029,0.0274,2.57,-0.0015,0.0142,1330990.0
394,BIDI11,29.65,88.58,3.17,0.0,0.006,0.0,0.0,0.0,0.0,0.0,0.0,0.0,0.0,0.0,0.0,0.0358,33250900.0
395,LINX3,22.47,109.48,2.38,5.4,0.0062,1.66,4.58,28.11,8.09,23.87,13.33,0.1921,0.0493,3.51,0.0969,0.0217,48497700.0
396,LOGN3,12.93,121.06,4.25,1.28,0.0,0.705,2.32,12.38,-1.97,17.83,9.35,0.1035,0.0106,2.76,0.09699999999999999,0.0351,29469200.0
397,LWSA3,19.96,138.26,28.28,6.477,0.0,4.861000000000001,-40.48,53.46,-10.02,56.76,26.35,0.1212,0.0469,0.74,0.0998,0.2046,26382200.0
398,STBP3,4.0,174.26,1.98,2.755,0.0011,0.838,7.39,45.07,-2.15,45.26,13.79,0.0611,0.0158,2.54,0.0219,0.0114,23025600.0
399,RDNI3,6.84,186.07,0.49,0.9359999999999999,0.0,0.207,0.73,20.39,-1.33,41.01,31.46,0.0459,0.0039,3.14,0.0111,0.0026,628585.0
400,OMGE3,30.23,189.25,1.82,5.065,0.0,0.7070000000000001,5.45,14.4,-1.64,22.86,15.0,0.3518,0.0322,3.81,0.0575,0.0096,21286400.0
401,NTCO3,28.98,221.36,10.24,2.3819999999999997,0.0,1.624,18.0,21.37,-4.1,24.63,14.54,0.1115,0.0108,1.25,0.1165,0.0462,323758000.0
402,BEEF3,8.63,259.37,-14.88,0.245,0.0,0.317,1.59,2.86,-0.8,6.95,5.89,0.0856,0.0009,1.47,0.1981,-0.0574,77868500.0
403,DASA3,75.0,289.0,11.02,8.262,0.0049,4.08,50.63,90.46,-10.92,95.35,43.91,0.0913,0.0298,1.46,0.0527,0.0381,16635.1
404,ALSO3,26.82,323.6,1.11,9.591000000000001,0.0049,0.654,5.47,17.14,-3.86,14.25,11.08,0.5597,0.0762,6.44,0.043,0.0034,69164000.0
405,GBIO33,9.6,639.13,1.38,1.3769999999999998,0.0,0.821,6.94,8.65,18.41,9.85,9.85,0.1592,0.0022,1.36,0.1187,0.0022,1851770.0
406,CEPE6,19.3,7941.74,883.96,236.63,0.0705,181.34099999999998,734325.0,2073.54,-334.28,2079.88,1502.91,0.1141,0.0298,1.0,0.0988,0.1113,537.14
407,CEPE5,25.11,10332.5,1150.06,307.865,0.0492,235.93099999999998,955384.0,2697.75,-434.91,2704.09,1953.96,0.1141,0.0298,1.0,0.0988,0.1113,1027.76
408,FRTA3,5.39,18066.9,-158.68,1130.01,0.0,330.533,-135.81,-4101.13,-110.38,-4121.61,-5972.37,-0.2755,0.0625,0.04,-0.0933,-0.0088,225018.0
